weighted_precision,weighted_recall,weighted_f1
0.39895583697766107,0.2953866578161301,0.329849022917321
