weighted_precision,weighted_recall,weighted_f1
0.6967242871307802,0.3295718552937272,0.3692116711706418
